GPSLat,GPSLon,IMURoll,IMUPitch,IMUYaw,wheelSpeed,percentage,processedKg,thresherSpeed,fuelLevel,mileage,oilLevel,wheelPressure
24.29046516330638,-4.937476018290141,87.91,94.42,53.2,42.0,74,454,68.61,26,302.9,52,32.87
-176.6494911286732,147.1154201958359,86.8,76.15,96.03,5.73,88,1688,51.01,87,7096.99,4,34.39
160.33792935993654,121.92503735287869,24.91,11.98,2.61,77.58,37,1475,27.02,71,9616.28,14,34.01
31.912949753180726,-165.23225350670663,39.17,39.15,15.27,12.97,86,1950,26.23,21,6585.6,10,32.72
-101.25822626300534,-87.74880289540963,88.65,19.1,86.08,75.35,18,41,31.97,51,7584.6,43,33.12
89.64807648607928,-76.3184041813171,99.44,55.62,13.73,99.47,49,1154,13.63,9,1957.57,92,33.43
-3.8039087750244107,-84.21265285661626,81.33,95.21,73.94,171.96,74,780,39.29,34,4430.48,36,32.2
-7.143808995313265,-10.917492056391296,79.02,27.31,43.67,128.12,60,757,85.86,93,3644.96,42,34.47
1.516705902031731,51.74804486947201,24.68,73.88,35.09,100.53,21,248,55.54,44,9606.89,57,33.28
106.30495072371531,-145.12260693673068,80.26,97.38,91.85,26.98,83,498,91.26,61,1061.54,97,34.91
136.83768446631,-111.51174606035481,32.27,25.7,69.53,36.04,93,1250,70.92,57,7946.51,14,34.45
163.73601638718958,159.81525810924865,12.07,85.71,73.88,77.1,96,509,1.74,77,6867.28,58,32.12
-13.370211944327394,-18.53029750118509,37.58,16.44,72.59,104.57,78,607,2.47,37,8159.19,52,32.57
-132.609871369492,-95.97693098948552,84.24,40.44,73.27,78.62,94,1386,23.15,4,6941.89,30,34.58
-30.749069166635223,-9.30538741300856,39.21,33.86,66.25,18.33,51,1084,33.78,19,6409.09,38,32.43
150.2484337324138,172.93920206444454,55.66,9.17,49.53,77.92,76,1860,7.47,9,598.3,48,32.57
-144.95302268920082,30.837761062731857,22.99,76.6,26.72,167.85,1,1297,80.9,10,3185.66,45,33.97
64.72109836336475,1.0242214408611972,59.85,82.62,48.73,132.83,84,1038,71.9,93,2864.73,98,32.01
65.82782602162897,140.21843624027326,42.16,14.19,59.5,37.38,79,1099,81.15,30,4354.06,36,32.53
7.266564713954665,-43.61980849565538,69.35,76.67,50.34,24.77,30,452,18.81,96,2206.58,52,34.93
118.25684459603997,-172.66745432598816,51.92,27.96,57.84,142.87,49,563,11.03,37,6985.04,18,33.6
-18.656811414069665,-120.09737766147146,16.72,74.06,87.74,43.63,69,1452,26.86,71,955.26,89,32.13
-32.23101389043984,-131.79377678794003,93.69,0.89,48.06,92.16,67,1540,37.59,98,6580.04,78,33.87
-8.6610222278822,65.6343621895432,74.46,17.78,48.47,76.64,93,235,28.79,4,1656.02,43,34.19
-167.17748422220794,94.10788281458633,40.41,20.95,86.75,16.16,61,1197,69.3,42,7481.41,85,32.1
-71.19682595810043,89.43730615039772,67.86,48.28,68.59,86.71,6,1665,43.88,43,3493.69,65,32.37
79.83047028157625,118.85270741783677,6.73,54.8,74.75,74.67,96,787,28.64,95,9338.85,91,33.91
-42.71567140213591,34.03262390915526,10.83,2.36,71.4,9.95,99,50,42.25,25,1088.51,70,32.3
-54.293922396927684,-121.23676648881673,95.82,59.68,10.3,111.75,85,831,82.56,4,1012.21,28,32.06
-150.78514520812706,-105.80042740176181,6.5,1.78,92.77,20.86,12,960,4.35,36,5616.64,20,32.58
-100.17906489405799,73.75409714550935,70.44,94.71,25.45,155.74,84,297,73.08,81,8181.71,22,32.23
-18.03828493328652,158.92658406684836,37.86,26.5,18.25,72.76,7,646,34.24,63,224.99,66,34.92
-135.4584903452352,-46.53732559360688,86.24,53.52,57.06,94.53,23,1571,85.09,7,2475.03,71,32.07
143.1480391457199,-152.7695844629888,31.33,33.87,18.8,177.44,71,111,13.62,35,8773.65,63,32.58
-156.41042430039352,176.2741907215123,2.65,45.9,18.71,133.81,7,13,71.08,18,5057.84,35,32.05
64.00155763953757,-117.02420209555024,82.64,68.43,78.12,169.53,85,330,5.5,24,4635.9,88,33.75
148.7057585655872,159.93205646908655,40.6,42.51,57.88,40.03,66,1903,52.93,57,4359.06,26,33.42
-27.281914739858365,-149.24451370470948,61.8,16.77,72.54,149.42,47,277,78.98,43,6891.15,19,34.89
73.74759784487068,93.15147583508258,88.53,46.65,91.88,74.59,77,1185,30.41,77,279.7,64,34.38
173.98361186022237,-171.82090824016137,62.76,87.96,88.31,165.68,35,835,92.63,21,4508.21,50,33.29
103.02693315445919,-63.41606410577239,66.85,97.09,78.25,168.03,9,322,70.33,86,218.89,6,32.37
-25.110929448532175,-97.51757207847292,42.18,53.58,47.57,178.01,87,560,68.88,49,7603.53,85,34.99
-18.413988946435353,-46.3256728120044,32.89,86.7,28.48,118.62,49,1712,25.37,83,3857.64,19,32.44
-50.30664380191766,38.25801279831032,32.86,5.98,62.08,165.48,60,75,8.07,60,277.16,42,34.3
-162.01356876202965,47.397989810484376,23.49,69.29,91.43,93.26,30,1567,41.1,4,5457.35,9,34.07
-172.31607012020834,-40.26640967559621,72.7,11.54,36.56,48.51,51,1312,25.79,78,4224.9,90,32.26
-107.72030245028496,-47.71024934781525,96.76,40.61,80.65,81.36,69,1495,7.65,97,2902.31,85,32.48
-165.0906455656388,-179.8383770863535,0.23,40.78,67.7,11.67,58,478,62.43,80,3385.97,23,34.24
140.57765274300357,-87.98398671947507,17.44,66.69,6.6,40.79,28,814,90.41,38,5252.17,63,34.78
68.79568030319714,-136.09245679189098,38.17,34.9,71.48,171.56,85,1940,19.73,79,3404.04,96,34.46
112.78136631112545,32.910404354087376,91.93,69.89,96.98,62.39,95,853,71.49,66,874.33,28,33.78
-5.840413461886328,-98.96751898994137,14.24,20.58,42.13,123.29,62,1790,38.71,14,5638.47,46,33.48
18.705987166222286,-66.34477700992962,98.43,8.74,73.1,154.06,1,859,16.99,98,9401.13,66,32.94
-22.053551643106545,-77.79205818730905,65.36,96.1,3.16,38.68,1,1812,21.89,13,8632.84,14,34.15
71.38906715441269,52.86833293259005,29.14,59.21,19.42,9.11,35,47,47.29,69,464.89,17,32.9
-57.42708532062149,154.820745287242,61.05,58.04,82.05,171.81,57,844,31.78,10,7732.1,89,32.06
122.45481000053002,-159.26934146993835,71.27,34.1,52.36,128.41,53,1094,11.94,76,4203.29,34,34.8
61.690908066051094,-105.39979670770002,54.89,23.66,37.78,118.43,99,1748,30.84,16,1780.22,52,32.34
-73.54857046338043,-144.99262152140417,5.21,81.53,23.87,153.21,46,1167,90.46,63,1954.47,50,34.87
-26.699791397710385,-28.8553951348037,2.92,29.48,17.18,140.0,83,1643,6.56,86,0.45,37,33.25
-89.84790224225343,60.296345969199024,24.69,93.88,8.85,6.3,32,482,23.15,16,3212.79,66,34.38
118.74179427635227,-94.87140598337733,68.85,34.5,91.15,132.79,30,1262,43.2,60,8341.39,58,34.15
114.60768157836299,-82.28192243724263,59.44,28.01,65.91,107.88,61,340,39.4,50,9846.88,99,34.79
-107.09238134716234,-161.5128567948501,10.24,64.63,97.95,18.06,68,499,96.12,26,3475.95,55,34.26
-89.69226399021083,-102.06347238236671,59.38,60.49,57.18,64.86,62,400,70.34,93,1308.87,93,32.49
-147.7175273610518,35.06755079194252,37.69,62.48,42.91,1.52,18,49,90.29,51,7175.76,98,33.85
-11.20576268460681,-63.18252649918162,6.73,25.37,26.36,110.04,96,509,69.94,67,2231.83,92,33.72
-79.85233197191899,53.66363153088503,69.73,55.88,7.67,70.61,62,520,60.7,70,6839.35,47,34.23
-10.426049016520608,-81.25262572617387,11.22,26.5,82.54,76.86,78,1255,34.14,60,2086.59,5,34.86
-92.80822621838024,157.3364906265465,14.28,28.12,37.05,105.77,50,434,53.68,85,9700.72,83,32.84
-32.184338520901804,-83.41471777206988,29.55,6.92,71.62,38.14,93,229,25.94,15,8437.14,45,34.85
175.1752470193751,153.9280305245902,7.48,75.99,82.83,66.69,77,571,85.99,99,1270.28,0,34.96
168.59558339362962,-24.685606607599965,49.45,31.25,47.84,32.89,94,471,66.52,78,9525.05,16,34.8
-105.96386460440925,-127.98971330228359,38.2,98.11,55.76,92.21,68,1586,22.7,53,6643.89,75,32.6
47.45995735582986,5.027655609752088,95.47,80.82,78.22,146.85,61,984,59.24,42,5900.01,37,33.0
-4.04349176393896,-138.04835934818834,36.13,33.09,64.16,116.68,66,1835,54.53,76,468.07,16,33.28
97.18527907758937,23.450918830686277,51.4,83.12,58.94,106.24,54,1447,12.65,6,4557.53,27,34.16
17.43450425947927,-127.11883397484058,4.27,57.81,77.82,95.01,61,462,64.52,30,3767.66,35,32.89
-29.42323135835352,41.80872638103955,42.27,50.3,8.22,131.87,57,437,28.74,38,4080.04,60,33.54
89.6679923663836,-114.00177958993856,26.55,32.26,44.71,78.76,4,171,69.07,18,4165.52,57,34.23
-140.8575664980513,139.9930022709607,6.71,67.8,96.56,131.12,42,715,1.54,21,9157.53,84,34.95
123.93203036466093,-63.30995693737255,90.85,60.16,61.86,94.92,16,429,18.52,6,3069.19,94,32.51
-105.22801177615261,-87.71233336286879,46.11,18.89,63.11,13.3,73,1209,92.18,29,3253.23,29,32.74
-107.68116665603645,15.449506952875879,17.7,16.27,28.23,29.75,19,114,68.73,54,5188.82,33,34.23
-17.9394433644527,-12.760264239111223,77.04,78.65,48.64,78.72,99,1563,5.45,17,3114.91,23,32.98
51.413898891333446,9.12965378640331,53.67,76.97,35.22,154.97,90,1552,25.98,70,5826.9,94,32.91
-145.8311946203202,100.43325446254175,18.45,4.32,40.72,156.2,71,1609,4.06,33,4857.55,41,32.69
-19.41041749215526,12.524009326504654,39.69,32.15,68.62,107.17,4,736,12.79,83,3199.27,9,34.82
-26.190241299072284,93.9418597782672,70.27,89.14,18.53,53.21,44,546,8.29,6,8448.23,68,34.07
-112.884845540669,107.74377522300864,2.0,35.13,32.72,133.95,98,19,95.17,55,7257.61,2,33.18
74.16500416999102,146.27869974864052,80.28,92.36,61.11,78.49,25,1169,66.17,74,778.56,76,33.35
-52.228156372127,70.65599931274431,19.13,66.35,17.56,71.04,16,1766,30.62,70,1956.09,94,32.26
-161.36795533152733,-61.22888133528835,66.75,93.53,37.17,168.24,59,1263,36.76,67,9296.41,80,34.98
-95.3129028776619,79.15654061977148,50.49,73.8,64.14,16.33,25,1838,29.9,81,6985.12,13,33.85
161.6121184552926,155.92214400339856,56.61,73.54,52.95,156.61,98,724,69.57,78,9890.02,45,33.95
32.8382980395688,159.77764210506263,8.95,39.1,78.02,45.66,47,923,59.76,26,2192.9,80,32.78
42.62845790620207,-160.24991421265054,94.33,47.28,88.81,70.22,72,1413,16.73,65,6462.47,41,32.32
9.67138773962597,13.418746560525506,79.48,70.99,48.25,124.4,68,49,7.09,46,5000.77,42,34.95
131.83428715637297,-157.29023195705653,43.07,8.27,21.76,94.65,89,882,33.6,49,2266.57,8,34.15
76.82562667681566,158.2364667603535,82.31,89.25,1.53,110.41,32,1024,32.01,6,2346.41,70,34.67
13.630530645255135,137.35848048238097,87.18,20.14,84.28,11.66,73,1797,38.98,14,5896.47,68,32.84
-176.8054944965938,159.5769981361754,33.29,55.96,74.06,18.15,9,1859,72.81,59,9864.09,21,33.25
133.16989664082433,79.03321701848853,68.42,34.14,83.23,133.66,12,1353,21.23,53,3251.88,48,34.91
-29.75398872993165,-171.09155673347274,50.5,35.4,66.46,0.45,57,713,54.74,23,4962.81,38,32.32
115.30486621682451,28.8242544843354,34.76,18.59,15.47,34.96,36,1937,42.91,71,1239.71,11,34.88
64.41245303200051,121.49073458085167,15.1,46.38,28.31,43.43,11,1281,22.25,70,524.02,27,34.94
18.659111702386156,157.62452808692802,53.58,86.77,23.37,79.46,17,1616,67.44,2,5250.54,5,32.07
64.33785087765608,18.95167996914995,66.11,94.48,33.95,27.57,75,1817,50.07,71,8340.19,68,34.91
141.96718106959554,-94.41262414391264,81.02,3.13,27.17,109.47,1,1703,26.68,49,9583.8,5,32.7
20.878731541393904,67.5495384397181,31.04,72.4,4.85,40.53,10,1162,63.69,86,1715.9,59,33.34
21.804164571368005,-67.85193468629335,62.42,74.38,51.73,138.62,64,728,63.85,5,5604.64,45,32.71
115.8452482360679,71.94381021715967,4.03,7.66,50.07,167.44,72,649,73.86,49,6412.31,53,34.39
-123.84683378314232,106.57250841842199,25.54,47.44,2.63,98.35,29,1321,63.3,8,7136.05,16,32.46
170.75053594607886,-175.3800078098596,19.45,44.89,78.45,169.3,92,1454,95.42,46,5491.24,19,33.03
34.259574732182784,21.123442651389126,59.18,79.48,38.73,114.15,5,1517,0.44,41,7049.79,87,33.24
21.882204007499723,18.131495930103966,26.77,58.23,81.23,104.64,92,1015,61.9,12,208.49,14,34.5
-108.30527529323582,-80.09433762109884,17.45,6.2,55.7,89.35,88,167,71.29,63,404.61,34,33.89
141.64027241909076,-143.54156616686748,35.26,99.83,86.42,0.43,40,894,52.66,11,8743.34,50,34.29
128.2731576762073,-77.53593521583633,40.83,87.27,13.7,1.62,73,61,28.39,60,4882.03,71,34.53
53.03476118290155,-169.08293735479353,99.95,78.19,98.78,125.84,38,315,42.94,45,4572.33,30,34.51
-143.56354829700769,134.9429221009202,45.1,25.69,47.09,144.62,20,497,99.1,90,4673.38,79,32.55
164.5282972582192,-24.28498212295358,80.48,40.09,49.89,53.54,15,1151,51.93,65,3631.15,74,34.15
-175.21470922435012,-122.0238953517086,19.93,87.02,74.69,57.7,50,248,63.65,92,3272.0,97,32.89
-33.73581078806623,-34.43654323948482,56.82,95.2,0.3,154.32,23,1460,86.31,87,4999.82,30,34.16
-167.59679470940452,-138.87324557777913,40.51,24.82,31.04,91.44,92,1459,35.2,32,3595.25,69,33.77
157.23849368608182,76.83511855945585,11.89,22.39,95.93,7.47,18,770,88.17,58,3659.58,48,34.35
-140.70610032995864,-11.840736535456045,59.12,66.26,80.0,11.32,73,1954,67.2,70,8661.99,79,32.19
178.3223331875044,110.30989064804044,44.21,34.76,97.56,74.25,97,1642,88.97,42,4558.63,74,33.56
70.16089284028843,1.8355416517117078,92.49,46.49,21.12,94.89,64,1148,4.97,68,5284.29,66,32.99
75.07400787194234,15.798441579946541,14.84,61.41,6.11,45.63,47,1832,29.63,20,2982.85,1,33.6
-161.20503999829214,127.09921494857082,83.43,37.38,5.89,45.42,47,354,45.33,15,3015.67,57,33.37
106.25132785420692,37.781615559889616,94.06,26.5,94.84,43.58,43,1365,10.32,6,9226.67,17,34.87
-37.08283555075363,-168.68295043597635,36.57,12.4,31.38,62.9,43,72,55.14,62,8592.61,32,34.06
-126.5930255377275,-136.3223750922209,14.56,80.18,88.47,175.32,4,1646,37.34,63,5788.18,68,33.69
90.53624469990245,125.52046897575741,64.61,81.67,84.49,168.06,48,1646,4.56,68,2314.07,7,33.31
150.23163441678645,-122.2754057756301,87.61,9.17,37.45,96.09,44,1085,50.66,8,5998.66,82,34.87
52.049565683868394,-154.68623812167266,66.33,2.06,39.34,11.73,31,1895,68.49,76,9531.76,41,34.63
-168.77208014935815,30.11673559381265,39.65,80.37,63.66,39.81,97,831,95.58,54,1193.4,40,33.47
-34.264229305855196,-2.6700289962363684,20.51,27.47,81.26,146.71,93,1806,18.99,42,3348.76,34,34.57
-49.069700167393904,90.8735339346008,80.12,8.94,77.4,31.19,76,1357,50.62,23,4146.95,33,32.05
-140.54520952838237,-77.34167203797172,66.79,65.08,47.12,10.89,99,1641,55.05,33,9677.58,45,34.06
-155.54166274159525,171.78003175045853,76.31,67.88,16.19,144.23,49,398,36.41,66,5645.69,50,32.27
60.472326434109505,0.07456919453051114,50.42,82.64,30.6,93.74,7,900,73.11,18,3119.45,3,34.37
3.16660098980401,58.72229747313841,24.15,31.58,43.99,27.38,32,615,14.54,95,615.2,67,33.49
19.267900917836528,23.913430351670655,27.0,41.32,99.45,4.53,27,888,11.36,71,9012.51,5,34.25
-173.6225119831379,-113.77709468649154,78.89,10.04,80.43,3.8,55,1915,16.95,10,631.27,31,33.55
59.38763842975635,-45.99487640963474,23.08,42.62,94.81,42.06,5,169,89.4,39,8178.89,49,32.14
170.34411157063056,107.08893084201077,22.12,27.81,82.82,41.25,74,1367,63.87,29,7141.73,55,33.03
-98.62648109705067,-46.218311240892405,16.52,35.96,79.5,179.53,78,968,68.97,97,7535.55,62,34.49
-156.05014303634357,-63.42940558376576,47.29,21.55,72.99,143.75,72,332,95.53,86,1260.11,41,34.83
105.48768545364061,-159.07890925812615,39.32,39.15,60.84,178.85,81,1973,21.67,99,4379.46,39,33.75
16.667772040570043,-95.22440776942288,58.95,63.48,27.32,10.72,25,1169,98.3,27,1457.28,76,34.75
48.96961739853987,-58.246164022608696,86.11,54.47,5.47,160.12,75,340,33.34,49,6146.29,36,33.05
132.58405496270547,-166.1135505502327,20.34,36.65,70.78,12.35,29,57,18.18,5,2030.22,95,33.9
1.6166664403797597,171.997826870493,27.2,8.11,78.41,66.91,17,1000,14.81,91,2628.54,25,33.52
-114.66750660694976,-39.508687348370444,98.39,94.67,21.44,128.48,27,1854,28.58,71,8181.8,92,32.58
-75.23785136490662,62.05599321239026,98.97,92.38,53.78,133.71,13,1996,45.4,22,2120.52,9,34.35
89.32487685967158,-169.76088286716808,41.9,24.61,8.1,149.79,13,1258,53.39,38,1420.47,48,33.19
-88.23143750455355,-173.80843745364686,98.48,74.29,91.01,68.47,22,528,79.34,40,6606.9,70,34.41
-39.44591849939056,140.887465170768,72.2,43.86,37.09,4.68,34,791,27.33,10,4056.23,37,32.81
35.43088110594343,-81.81793309505261,3.02,18.74,18.43,88.33,12,701,47.81,69,6314.81,22,33.69
-171.6680641093381,45.893239155816445,63.57,69.42,31.54,123.14,53,483,14.57,28,6494.28,65,32.39
172.94084288861143,-156.23078174773622,98.11,4.32,28.69,71.86,61,1855,92.58,8,3750.55,39,34.02
-68.38578182819555,111.60926763037747,96.93,90.74,21.55,127.25,1,1776,32.12,62,6620.81,84,34.71
-173.54673357630995,167.40847497764952,16.24,89.49,42.49,92.33,84,415,47.28,39,3498.35,90,34.14
-159.6203388575189,-31.264146448905507,83.88,8.81,25.22,172.96,30,535,28.82,54,7659.86,24,34.19
48.98634428250415,-94.75720959144635,53.88,56.92,84.57,120.97,91,1219,9.71,93,8281.32,14,32.57
49.20014593081336,5.169083270694841,57.92,43.86,7.76,129.32,31,753,83.3,79,7947.41,21,32.38
176.62064990649236,43.48563040937216,30.08,63.78,50.59,23.84,26,643,42.26,94,1398.86,72,32.57
-115.29039513565392,-171.90767969577968,75.46,19.44,57.51,79.11,38,1641,21.86,66,2605.51,79,32.73
84.886768553129,49.64341500067238,69.98,31.48,18.68,141.78,97,191,24.14,28,7339.34,86,33.83
43.51595804812442,112.28460050894256,11.49,46.96,70.01,109.16,63,336,77.77,74,1394.22,45,32.91
43.430275607386136,-96.16678180126895,75.61,79.0,42.6,108.36,6,694,63.21,78,9627.3,86,33.33
47.39565017310909,128.9643373915581,64.55,69.28,16.93,71.73,80,1591,39.84,37,2913.43,94,34.61
-35.95436364845881,52.995640047448745,22.33,94.83,16.02,107.79,37,1771,57.14,0,2252.13,74,34.77
0.6109243446909431,-145.21142556907353,16.78,24.18,10.61,110.3,80,828,56.88,20,5015.16,27,34.4
-2.4762078252673803,4.726536239377737,27.6,8.76,51.67,74.56,79,1875,83.95,56,810.61,13,33.63
82.89147045173684,-17.160931429579705,54.93,38.63,62.45,3.24,68,546,12.0,69,5781.53,83,33.81
-94.07031367205146,24.936395472155425,46.78,0.89,51.73,174.62,38,719,18.35,77,7587.11,21,34.11
138.53107146687324,-81.24346220045913,39.27,51.83,44.34,25.89,15,179,72.23,32,3013.51,60,34.55
-169.05564760362077,-36.67507431655133,79.58,37.38,79.93,55.42,81,655,94.56,24,1641.99,24,32.6
-131.5597160126982,-47.90816178374885,40.13,98.8,2.4,1.22,41,562,12.08,29,1298.22,29,34.41
-59.183890570350414,55.74550174456411,47.87,80.57,47.23,137.51,39,477,92.22,45,794.6,20,33.22
150.92009893058992,-91.10919816340231,90.23,6.6,93.95,5.9,37,664,97.89,97,8841.09,57,34.73
-89.94094384822746,153.42633805181384,81.06,93.3,82.66,107.9,73,602,17.4,71,4507.41,17,33.52
-129.25099392356964,83.87427132730892,82.6,89.15,61.43,97.06,20,120,2.14,34,4101.79,80,34.3
-44.98204432984801,-144.2449527216866,64.95,22.46,10.95,14.85,41,1295,44.14,25,8477.66,97,34.97
24.1383861652059,-155.56234515646875,71.15,13.72,91.39,60.36,96,1879,61.03,98,6653.68,20,34.21
102.31563703720263,11.137055049334151,48.25,37.33,95.44,116.77,72,1644,44.98,23,8057.96,25,34.67
75.28693358020786,173.78655899608782,80.89,88.53,69.25,54.15,22,1887,42.03,54,366.86,45,32.22
-67.17695715337919,167.15771323902027,6.2,24.88,26.41,90.09,87,576,92.22,14,2088.73,30,33.02
96.78131962128862,-167.8270328241455,34.36,51.1,65.92,161.79,8,400,10.41,32,9743.22,25,34.85
163.18504400036704,37.237758575715134,84.28,98.5,8.34,135.16,52,1963,41.09,88,9647.24,92,34.93
115.95157663333487,-0.40973559439771634,62.25,91.12,91.88,1.19,36,1499,79.68,96,5831.83,72,34.12
-85.95560056135074,96.2290047389875,99.93,76.51,13.03,59.39,89,1715,37.27,34,5635.84,10,33.71
142.13243110105986,18.080800589119747,88.87,54.84,79.2,152.52,11,1958,46.61,48,6064.73,59,32.36
94.00755557730042,48.794968688282665,25.47,74.23,88.3,118.08,14,1378,59.83,10,5604.26,51,32.01
-98.46949552841718,-159.58470629879622,99.53,23.19,58.7,106.0,91,57,66.0,59,3969.84,70,33.15
-176.363118965293,-143.90704520541138,13.88,86.16,26.06,56.03,5,85,69.6,42,1407.88,35,32.52
-171.83020978501554,-99.41218966732164,54.39,87.89,72.78,49.01,38,1585,99.92,88,2079.7,72,32.46
130.06883717521288,135.9673702161428,64.77,57.87,99.97,130.49,99,1599,58.56,58,2873.77,17,34.76
-132.43774075506715,31.726092459643098,13.63,74.77,13.11,34.23,21,40,1.09,56,138.99,53,32.45
69.43607129121378,31.603586622426803,92.39,20.83,11.23,164.33,3,657,33.82,53,707.54,37,33.54
-96.40226381447572,-127.12589777038696,71.66,1.12,4.08,106.05,79,1461,87.83,98,7361.15,58,32.77
-145.36646004077096,-167.2124110326102,27.68,96.02,67.57,58.4,58,879,44.66,60,2870.85,77,34.37
75.96683799016512,-111.94667414954287,27.25,33.3,90.11,119.67,91,857,74.29,87,7867.71,12,34.44
104.76066564623369,84.67684132482896,96.75,99.24,29.67,128.57,35,1030,84.27,17,3635.37,3,33.33
41.447120061094864,129.67517308196852,65.85,49.75,17.28,101.78,17,1571,23.4,32,2812.27,70,33.12
-159.27715606302692,-58.84221592071063,95.06,13.36,90.01,154.83,98,1002,71.33,20,3184.11,3,34.32
-60.43191784696492,118.81275887348727,88.55,12.64,79.63,22.57,56,1388,91.17,55,562.12,5,34.53
-132.78992789912036,55.827158798192215,43.83,2.81,6.92,82.22,38,1790,11.93,72,3247.68,20,33.59
122.66471097614516,-90.78720716104547,27.74,39.76,83.57,137.73,48,439,88.8,21,6583.95,33,34.93
62.321557269824694,-92.30225733859709,45.3,35.92,36.55,58.84,5,1029,98.75,79,9710.74,90,32.42
-24.429653651904175,72.34310845242612,63.47,17.88,75.64,57.06,82,255,13.97,76,345.79,32,33.17
-69.36510405286263,-74.32135757506344,67.55,22.22,59.69,102.18,68,435,55.72,84,7349.5,41,32.1
-86.98825221197012,32.59375211562232,6.36,21.87,75.67,110.92,81,194,47.24,43,5759.93,11,34.59
-0.06095810837265958,23.795168286421898,0.2,34.37,62.31,174.64,79,817,81.56,50,2022.63,24,34.77
-47.49638243993269,-164.67889992255135,30.48,32.01,3.93,129.54,49,1064,18.79,96,7849.71,93,32.2
61.71361854223093,-111.88142258354925,83.46,33.38,33.59,56.82,37,336,71.77,9,4428.61,46,34.95
38.41590079707905,82.40739059036395,50.02,80.33,15.98,173.09,86,838,5.03,70,8703.18,92,33.76
124.97112800312067,-43.50895548924282,69.73,80.22,7.71,18.89,63,638,61.73,44,2099.86,49,33.53
128.21708397275864,94.27505408441192,16.68,36.08,10.53,125.81,21,1981,55.73,98,1135.19,0,34.56
96.84627692122001,-73.09169960655055,84.17,40.44,41.92,136.11,87,1427,18.98,10,2531.93,59,34.25
-41.729817934075584,-138.00088008420892,62.17,63.32,84.17,5.11,78,180,21.2,60,8492.4,75,34.19
-61.97713587914181,151.22961157925522,47.56,2.58,13.07,35.02,18,735,90.33,65,7390.47,80,32.88
-53.95896778406686,-55.55321368222894,65.56,25.41,43.71,52.07,71,1350,3.43,44,2166.19,55,33.26
-161.8728672016777,-92.8141003543809,70.45,69.63,39.46,38.09,46,1840,95.89,87,8890.2,66,33.1
-3.554827499781652,139.81023131837105,25.98,17.1,72.63,37.21,64,304,16.05,76,369.31,61,34.88
22.971659974884716,25.650967488828513,75.75,61.5,56.54,112.89,13,248,19.54,71,5974.01,89,32.73
-95.58266294713299,-176.10237810180885,81.2,14.78,74.67,165.12,97,427,30.68,65,8678.65,89,33.04
-162.88804344567967,162.14879281452903,51.22,68.32,81.53,94.03,54,702,29.7,4,2802.6,32,32.19
56.186552884803405,115.35381436474125,89.34,72.66,71.52,96.16,13,221,63.5,76,9780.35,35,33.88
12.544177920278202,52.24062908052923,55.33,35.25,0.27,39.44,96,1865,26.48,70,5451.14,14,34.04
-170.12489244924998,79.12465948657609,94.52,59.26,10.85,81.39,41,857,68.24,34,552.08,99,32.8
177.69811546805744,54.704863137458204,90.79,67.04,58.27,88.02,75,913,18.59,23,1832.79,70,34.36
-99.08979534163842,139.9646376546002,44.82,7.1,31.92,98.47,0,1331,22.08,95,9135.96,35,33.38
147.6152083692062,-155.06556669993145,28.64,37.81,69.14,150.98,93,438,73.06,45,2275.88,11,34.75
83.10386304597569,26.973095864794743,86.04,92.71,14.71,178.06,51,1374,54.15,2,2557.82,48,33.15
-49.54862452993419,-7.481173606301752,47.67,27.96,42.67,58.72,33,1674,98.09,16,7229.36,35,33.06
163.3378953947244,-168.6376005111826,32.57,1.93,25.24,72.19,0,1895,13.88,91,4182.98,26,33.74
54.55997233964766,82.49483738751138,7.36,61.76,66.61,21.25,35,74,39.25,85,8603.75,51,33.82
88.08005409457229,-1.4475968319452193,26.31,5.02,58.22,1.38,50,169,18.22,80,4909.7,81,34.84
26.271967463628613,-152.84729464187743,17.03,34.18,22.27,18.23,75,390,60.9,47,5187.32,91,33.56
-84.53795519201107,44.93694993638255,4.67,31.41,96.26,129.94,86,261,75.97,22,2360.17,71,32.99
124.19057244005671,92.69082673830508,23.29,76.29,14.78,51.13,61,340,59.01,37,152.75,35,33.13
121.29774202701992,-144.39111172826173,48.22,7.59,9.83,52.44,73,1987,83.67,38,7660.24,56,32.48
-31.916902018646624,-84.72533777604043,85.88,61.88,98.58,148.62,92,25,39.27,99,2251.82,51,33.75
-1.2062134333772292,137.39130625198322,94.92,46.18,92.46,143.83,48,1572,82.87,35,2970.54,71,33.43
163.72568901072339,61.89360544859477,42.0,71.97,32.06,171.97,24,588,31.83,90,8543.85,30,33.87
-58.07578916378489,117.11405496111689,29.27,10.78,80.75,8.78,76,300,55.04,25,9432.17,27,34.71
40.40959265554099,118.97807069293367,63.21,66.27,79.5,149.94,94,389,1.27,55,4111.32,96,34.26
8.172984794790807,-23.860048939074147,94.9,83.23,35.31,3.63,46,584,69.55,2,2786.46,6,34.8
-149.65179108310255,-113.12143777318073,66.57,32.38,18.0,175.67,16,1355,61.76,4,4860.04,49,32.47
-36.344169921308946,100.06273063384867,22.41,93.29,74.37,58.07,4,51,9.28,99,465.51,59,34.08
-120.15161239267908,38.265534574116174,11.3,90.84,83.5,31.48,40,1625,39.28,39,1758.51,51,32.12
-48.346400783690484,154.15724403637194,47.46,84.29,71.74,0.21,43,809,99.21,7,4507.39,32,33.91
0.3156705479925108,164.62943203140952,27.84,60.86,21.76,163.67,90,1967,15.75,33,5665.22,68,32.77
-131.55035032719326,-130.0279333713811,20.97,50.52,9.91,78.22,2,320,43.7,56,1780.98,73,34.97
-138.27193856477234,17.177760568899117,43.8,14.66,69.33,12.38,68,107,15.04,26,6671.01,13,32.14
-153.92703295462556,164.50843255488513,14.58,39.64,75.97,79.01,45,1507,49.67,70,9742.82,69,34.55
-138.2903117930872,-69.49375715014568,32.48,42.3,13.36,45.38,99,127,13.49,35,5162.76,59,32.65
6.417927223734182,121.7898320390953,34.6,74.24,48.56,94.47,5,35,58.69,14,6837.33,81,34.34
163.72281497283643,136.03984182630182,28.59,31.61,3.97,83.68,44,1421,90.02,60,4454.21,89,32.4
-71.52450640983461,66.0259211758636,2.46,94.08,77.65,178.32,88,486,23.94,9,4669.89,85,33.3
54.353703410834186,-132.46473356310295,22.06,40.95,68.41,4.67,59,78,94.65,71,571.88,42,34.6
65.16052409930782,-44.96880829597072,81.28,3.11,29.52,136.33,58,878,51.31,48,8307.09,10,32.15
-140.16720806748827,159.39657576185147,56.73,27.22,76.28,74.52,30,1288,52.95,6,5472.88,47,32.5
167.0613323681402,-52.35341816349596,97.15,70.13,2.1,106.4,9,1952,56.58,18,2421.15,83,32.52
-123.74532417268826,125.98340720456736,42.42,81.56,91.75,76.08,4,508,97.25,42,2195.01,16,34.44
-5.439006846705297,21.610517273111697,49.97,6.82,38.58,18.31,38,624,64.57,35,9011.04,98,33.26
82.43047563211292,37.50727416351975,14.64,24.1,31.12,146.98,26,1483,62.89,85,7821.4,18,34.65
113.2465815950336,28.08831051362702,41.44,79.79,64.14,120.59,30,1528,14.7,79,9831.3,89,33.01
-157.62294693966356,-32.67148617396256,82.18,92.74,37.72,119.8,33,695,45.48,74,6683.19,88,34.48
112.47694167784346,-157.10213840424478,36.59,72.79,41.04,45.48,87,752,38.84,33,1510.42,84,34.58
-28.958529075529043,-108.28695024076133,4.03,25.13,78.29,170.54,37,1560,43.9,45,5575.98,80,32.5
-6.48990691693669,111.70952328990325,35.75,92.89,17.29,179.33,6,112,6.05,98,750.24,43,34.75
-20.949827612690598,-101.9763378074443,41.36,3.4,25.24,98.07,95,1528,16.95,18,7090.89,73,32.09
95.99441886250065,87.90139948927504,19.5,91.77,8.75,158.08,85,65,74.8,28,9211.58,13,34.77
90.60526487409157,-92.02806834313269,10.31,29.58,57.09,113.16,16,232,99.19,15,673.2,59,33.87
98.74604596238004,-93.26542014484389,74.25,39.47,97.34,62.25,8,1333,62.92,86,6825.0,71,32.89
158.47759669367395,85.94980449490498,68.83,44.05,95.11,128.54,39,187,66.58,22,9582.32,37,33.9
175.68603035925213,-179.4208273104345,11.09,89.18,97.84,66.55,69,1315,40.96,52,8273.62,42,32.82
19.879883548934828,99.05099280746936,58.41,47.76,95.17,44.82,75,1059,61.85,92,7896.18,26,34.0
177.11438455648357,-17.8840587932375,18.83,87.35,15.93,169.09,90,690,37.68,83,7918.81,86,34.99
-157.61578674806168,112.37777079092905,81.3,72.22,57.64,24.65,10,937,94.51,27,846.7,12,33.9
-84.82250026252869,-88.68447419052178,73.83,30.95,59.12,10.13,30,1159,77.67,45,1566.51,58,33.83
-158.75383413477198,153.19865449597188,53.7,12.92,71.37,32.68,42,649,48.57,96,254.19,61,34.85
115.85606090107507,-46.38776019367299,32.59,46.74,97.71,25.49,23,1124,95.84,60,6691.76,90,34.32
-93.06937649742584,-137.18044352803622,34.45,91.55,92.3,171.81,34,7,14.48,98,1487.85,64,32.43
102.04525713102777,20.356166893663385,79.14,65.87,30.01,173.41,44,1807,11.52,83,99.77,78,32.36
-112.83479340278946,126.5245359163477,17.1,38.54,21.89,97.22,61,1365,36.1,2,7695.87,89,33.21
-16.601952807338506,-26.98856438031953,52.18,31.03,66.13,72.59,86,568,16.88,67,3895.61,48,34.12
68.56560499737247,-155.29369890677066,33.89,52.27,5.06,67.33,36,109,87.0,57,4829.08,54,33.54
-83.66587283479586,-49.51404497452489,98.34,39.56,38.62,149.2,74,1101,75.9,34,9116.88,23,32.48
165.62701587472185,75.48471730657948,0.3,65.72,0.43,54.22,41,1297,4.83,63,9643.26,50,32.37
38.42341238304306,-106.51942332142174,3.72,32.27,93.86,56.33,65,1682,8.46,6,6114.12,19,32.06
86.7730380782815,-98.01058946137519,22.66,1.82,72.24,7.02,92,123,36.13,13,508.29,16,34.49
94.94542297472685,-10.634026829157534,92.95,68.51,61.54,49.77,96,577,41.57,89,1698.65,88,32.35
-60.331483113843774,114.8938321732598,68.1,24.1,48.91,100.6,48,163,76.24,51,2001.78,18,32.89
103.47868409324116,111.04168796854356,94.85,68.62,72.28,77.52,68,1810,45.59,42,3523.31,94,33.88
136.31346214785725,-86.68193383014314,72.43,75.6,84.89,129.44,85,1767,22.52,18,9481.15,60,34.93
-179.24088838779355,72.79419896909354,74.4,79.37,77.54,138.17,92,780,1.24,46,7068.81,54,34.25
166.18389635770296,-123.70006763985651,68.18,92.82,56.67,37.15,56,1629,36.46,52,2342.8,59,32.75
29.202948801917813,110.3032222831419,88.03,33.2,79.13,153.62,92,1389,44.56,64,5518.19,33,32.66
11.841511688411003,60.493278186940586,19.23,14.4,94.99,133.79,19,1496,83.66,72,5613.05,90,33.91
-27.896023881088013,19.676036913236885,99.61,84.77,37.53,12.15,6,1480,43.81,52,272.54,5,34.55
69.60782400558654,25.26039386342697,5.39,64.21,45.81,173.85,20,830,38.5,10,4378.55,23,33.0
51.83697818813988,48.90794474372299,65.81,98.8,8.45,0.43,93,1790,40.87,24,7512.71,94,34.04
3.6256432335988222,-17.536242693106658,12.72,12.19,92.85,97.07,59,965,25.17,74,1323.58,59,33.09
101.06905026352837,132.63509737696688,91.45,25.79,37.79,109.61,17,487,12.6,63,7588.09,61,34.37
-3.617895367500097,-101.38732304402099,43.24,1.23,81.5,158.71,61,1609,39.53,90,1959.28,12,34.55
-163.34176344801438,-43.70455394349261,70.62,53.84,96.21,87.27,27,1908,18.51,60,8759.78,10,33.09
91.39106699392255,-137.1608766319696,56.41,66.25,55.81,22.92,48,653,28.87,61,8437.75,40,34.43
-121.98601987616459,164.04219897241165,49.95,3.99,6.97,14.58,69,115,72.41,92,2669.7,22,34.04
-69.62698864885999,4.4572495872725995,4.68,62.57,12.43,137.56,75,741,4.68,78,8500.04,79,33.22
47.340746982715615,7.166124675880042,53.02,90.77,58.91,29.68,30,775,88.46,55,6805.55,62,33.75
162.60559297795083,-3.371986372285818,5.23,19.63,1.17,7.58,84,587,41.54,37,4666.56,80,33.3
1.0674498559409642,-140.24411778904638,27.67,36.45,39.27,32.23,68,490,24.5,11,3509.63,70,32.32
-104.70428906658596,114.99207844117637,63.1,45.81,20.55,9.04,4,979,27.01,95,9974.75,12,33.04
-46.43163427111057,-99.79280237142318,66.77,44.23,22.35,110.88,2,657,37.63,74,6585.25,93,33.28
-139.04025628830843,12.130379218368006,2.98,15.15,40.69,67.17,11,1270,18.85,25,9487.79,82,34.86
38.93691642671257,-45.26296761883185,43.24,0.75,16.11,33.96,93,1879,90.12,30,3754.86,84,32.42
63.88571352477504,-130.01430197180864,59.5,76.94,21.15,53.3,27,588,77.51,20,9124.5,78,33.89
38.80534567233465,107.0881070065422,5.88,74.03,15.79,85.4,23,355,29.57,87,8577.74,24,32.56
-47.54786558560227,-161.34362615626878,71.76,94.56,56.68,168.95,6,807,4.98,85,4652.21,83,33.56
163.23397263708245,23.66949379229652,36.16,25.91,26.02,49.48,72,1550,86.4,65,532.88,78,32.85
139.3631531667528,27.335156282202036,21.16,18.33,99.66,133.54,22,792,90.38,12,6822.25,6,34.36
100.25884689146591,-105.14025300735058,73.95,6.6,17.88,153.59,42,27,95.72,64,3669.53,25,33.8
71.69074646819521,143.51890068015416,34.8,28.63,42.85,111.36,4,876,62.97,97,3947.53,46,34.75
80.98430540669983,57.414256163381225,95.75,92.14,67.2,55.44,35,1517,89.57,70,3943.38,0,32.35
-53.561084232120166,-76.60027054336369,15.1,84.77,55.11,165.31,76,1788,6.66,12,9161.04,25,32.15
-145.92135892776415,121.81047690380808,31.78,97.05,53.39,140.16,55,932,91.82,57,2562.66,68,32.01
145.4906703284326,-91.9522711107648,24.12,53.99,63.55,101.22,36,188,62.61,41,6299.78,21,34.55
11.745193202286657,47.561342324607324,80.33,42.76,69.97,149.17,11,1226,36.42,78,7026.01,30,34.71
64.11955941353293,76.94188769056763,33.39,78.87,62.51,10.04,74,365,61.49,6,5065.65,29,32.41
8.385308018797133,41.43822621056458,8.73,19.57,28.23,168.5,83,430,44.0,32,1895.53,30,33.53
-92.62333540020968,177.12106057653085,64.18,3.23,65.55,38.03,59,48,10.1,14,2035.08,61,34.5
50.21329614565866,-146.19161949990294,14.97,59.67,47.06,80.74,75,1923,96.05,12,9809.26,78,34.97
-133.8974558222888,139.09476530984648,72.37,92.25,61.8,132.37,84,599,22.61,82,9196.21,86,33.63
-40.521409324746145,-67.19402608826714,10.92,87.65,61.71,29.4,72,520,3.9,35,4454.21,11,33.16
-48.789835098359475,161.8775931865374,93.65,82.64,49.27,83.61,27,1507,98.23,44,5036.25,89,34.53
2.0577648214292026,-57.34626661059319,43.43,47.57,18.88,140.1,44,893,39.34,51,2994.83,51,34.9
-22.150468873596424,-77.10103890274162,69.68,22.84,37.24,15.35,90,1796,76.97,45,2419.88,23,33.57
1.740515949123079,2.5464174470536136,71.72,20.61,85.86,103.17,56,1846,35.86,49,1342.66,54,32.9
116.39134880027444,157.40384942823357,11.51,48.06,39.74,178.81,8,1923,67.85,14,8074.47,80,34.8
176.05696129683497,-51.554002041280114,12.78,8.65,82.68,120.29,67,1969,19.02,91,4717.38,42,32.21
42.24358089999268,-117.56218381802287,48.57,77.61,29.41,174.67,74,907,53.41,92,2866.16,15,32.08
-105.77120539567859,-98.5470451143999,58.01,66.94,65.8,115.66,9,1899,8.84,47,7890.93,78,32.81
65.01690867321054,-59.202568389043506,36.22,32.87,39.24,32.15,0,586,65.04,3,3820.63,74,33.01
-69.4837766374312,42.55986493559786,52.99,2.79,22.43,5.13,47,717,77.25,28,7883.33,86,33.54
-75.11277749443798,-118.28284097177213,82.34,21.04,12.05,110.27,24,21,86.05,72,4640.48,88,32.34
163.0356510765995,35.711576305337104,77.42,12.27,17.15,162.58,33,631,13.6,9,449.31,98,33.59
-147.1621060618385,-143.65909625421065,37.36,5.23,43.53,166.2,65,258,73.71,46,8666.99,71,32.97
4.478866523747229,115.85964318284488,2.98,42.35,76.32,139.78,39,483,63.98,85,7927.81,44,32.73
-174.61534770596847,175.139441033232,80.59,65.01,34.54,22.57,84,1766,43.74,41,6486.55,76,33.29
94.03014217027021,-31.377223367800525,62.84,97.99,94.16,153.0,91,1485,68.01,62,7243.26,70,33.24
-72.70705752663775,23.635708414447578,46.06,39.59,20.05,156.93,60,1495,48.98,11,1620.49,11,33.16
23.469428020278087,-140.40083694486987,72.55,80.21,16.11,80.7,41,320,1.21,74,1267.34,18,32.15
-84.17353722985412,86.1100565522907,25.07,48.59,81.95,53.64,95,507,46.08,57,7122.24,25,32.11
-4.318607909761312,5.234976730293795,50.41,5.49,7.61,110.91,89,1754,81.56,36,4047.75,5,32.49
-20.089692491058855,-168.7114814512218,67.8,57.27,80.26,23.64,94,915,23.55,91,8489.05,89,33.34
95.37339648458749,151.11345320587878,45.5,81.75,63.3,157.37,7,568,87.99,91,2196.13,86,34.35
45.98758897344919,-116.00892578980938,56.33,72.3,70.67,179.0,22,1273,56.18,60,7410.69,30,34.02
111.64645606919959,-46.32910255539613,34.88,51.93,96.65,18.63,66,1125,53.22,25,8672.57,89,33.23
31.266238059033412,36.48600497329346,3.97,14.34,29.54,110.9,5,0,82.07,22,3721.53,81,33.75
-92.9467025545582,22.0494656327171,0.11,27.56,77.76,115.32,77,1097,12.04,58,1604.82,94,34.99
12.259759903234624,-29.398502758596834,2.59,48.94,46.59,77.57,6,528,35.21,50,2129.01,77,34.8
106.08272338772531,-51.91423394143567,8.53,23.49,41.5,3.75,27,1831,72.49,40,4939.02,49,32.29
79.1786823441779,-27.578064310353085,33.64,66.72,50.72,118.72,13,456,67.49,0,6454.42,62,33.89
-102.16075609157076,63.92145681361524,22.82,85.07,82.37,27.96,25,1194,58.82,45,9333.94,51,32.9
-169.1754260681674,172.1554513364744,51.9,16.24,46.43,8.64,35,365,56.15,15,1150.73,69,33.47
86.25477717129382,136.2446764036922,56.85,78.94,99.32,124.08,5,40,94.17,96,1559.31,40,32.55
168.77897952631554,75.25078540795562,75.91,64.13,0.25,13.04,88,1241,53.04,10,7105.97,3,32.44
-42.22523578934249,-142.09309624808824,70.1,88.24,96.68,46.34,55,509,6.82,19,1208.29,22,34.84
-61.55450852136347,-115.369782670382,10.68,58.5,3.37,2.89,48,682,49.3,69,3989.51,83,34.09
154.80473743355378,-175.94599336823995,8.12,42.61,43.56,88.59,35,117,34.28,50,9035.7,38,33.44
140.7639754152546,116.56761658605757,73.03,9.91,73.2,179.64,95,660,96.27,2,9112.26,83,33.57
54.113173063727345,177.49052505001322,65.18,89.72,3.93,156.18,24,1742,71.59,44,2088.9,79,32.67
-115.00366725561054,76.3010862346477,56.4,37.48,35.25,65.64,15,1759,62.67,57,9395.04,14,32.23
140.5656778856556,24.187799035027695,42.44,65.8,76.21,64.52,74,839,6.78,20,6896.14,89,33.69
37.422821698336435,-121.2895776311995,66.44,13.93,13.42,117.07,32,524,84.01,39,1421.02,6,34.16
-44.698046230403776,4.203561384384699,65.31,76.99,69.56,120.15,5,172,28.87,29,2911.39,45,33.93
94.2810206908099,28.987858013440416,81.97,32.98,14.14,95.61,28,722,59.25,35,7434.32,48,34.09
31.816981896377172,-116.31740786219056,91.43,30.91,58.71,88.51,38,778,57.82,32,7706.67,72,33.86
-162.94509576900322,11.110546695946766,9.91,57.95,93.16,166.46,47,673,13.38,79,1361.85,37,32.79
118.40634785344264,172.94138322696836,72.07,35.14,71.42,84.7,42,805,90.48,3,581.74,65,34.83
27.350173411667896,129.90047830572837,68.1,30.72,93.4,31.51,55,1739,89.0,19,2631.95,68,32.3
53.79828034951112,-111.91900740865688,82.8,99.36,47.85,103.28,36,1192,70.92,7,2703.73,70,34.51
-88.77305166603048,-162.15151244176792,94.28,37.57,3.8,123.14,17,1946,44.17,43,8043.76,47,33.7
71.45505907766636,55.84687537593413,67.04,23.88,91.53,10.85,17,479,79.96,0,6318.25,70,33.08
65.75495527639924,73.50749849531613,95.13,59.45,67.91,175.72,0,774,30.94,47,794.8,52,33.11
98.01337487273184,88.92063023416915,52.13,95.79,83.38,0.4,4,257,56.14,25,6014.61,18,32.74
27.16389338598833,-168.1825591716646,63.76,37.31,1.58,39.29,72,1992,91.15,55,3173.67,3,33.82
17.70267577343975,-141.51753124436016,93.66,1.13,5.82,11.53,45,1272,62.93,10,1563.38,63,34.76
-160.07485705839792,-139.9887104412963,90.77,38.79,37.47,139.07,62,245,63.05,2,9444.98,17,32.76
15.623248498841122,-152.11322883073396,90.86,48.8,99.58,143.63,48,1847,71.5,5,5845.27,3,33.36
179.09524406238802,-58.74078414572672,93.49,53.26,58.76,84.14,27,1875,6.52,59,6036.87,40,32.2
76.52025572903267,-98.85637510762662,47.33,45.41,90.58,167.08,10,356,34.63,81,6755.01,18,32.19
77.33205176228154,-53.2696490352038,6.78,87.64,49.02,120.64,16,359,45.05,46,7999.69,13,34.76
165.75460623662576,179.13277156064106,14.13,53.59,49.25,178.84,83,1861,72.55,61,8197.92,28,32.67
75.55960076308855,61.385133878314576,22.78,48.41,65.47,179.41,4,1402,69.43,63,2466.73,84,33.77
-127.3061657036227,-82.57928604452653,30.41,69.78,53.11,163.19,60,1680,75.49,33,4716.07,88,32.36
81.5183721071781,-38.8149053178424,42.21,29.52,56.63,106.31,97,909,29.81,54,1584.89,2,34.29
-135.78598023850788,-101.92532114184539,12.32,43.75,24.46,29.3,56,1183,48.01,27,4931.99,41,32.2
-149.19423474053292,-121.03144923679199,88.89,37.81,23.54,25.23,93,1780,23.67,93,5402.11,94,34.07
-98.13023516464294,-29.82143192463559,47.48,86.96,75.33,168.66,51,190,42.01,31,542.92,27,34.92
-46.78092520998686,-63.789648528660365,91.85,35.3,7.81,30.49,94,684,63.02,6,6362.32,21,34.36
-113.65637785901522,160.90460019973568,28.12,52.75,61.96,119.41,9,1305,83.14,46,1626.29,3,32.95
-57.86839858124678,-27.54559388004114,10.1,26.06,55.25,176.47,71,513,64.86,6,2343.62,33,33.9
62.80037264007353,-48.613706403695176,74.52,24.58,21.74,117.77,24,970,33.24,47,3351.86,97,34.67
130.30645249986162,-176.38971395320715,48.06,19.38,6.17,17.92,86,1464,27.63,2,2806.75,47,33.39
-150.8237180969739,171.87368885487126,85.09,62.66,29.73,105.92,14,269,49.5,72,9040.85,31,34.39
-76.7983621984653,81.29303906352612,90.34,32.73,38.34,60.87,5,1878,23.57,43,7769.63,59,33.7
28.732055557899287,-6.631445947720749,20.96,74.25,65.03,113.28,3,1339,0.91,25,9488.87,21,34.46
-16.81393160632723,-109.93935671722053,35.06,25.32,24.17,32.25,90,1580,91.32,65,2666.29,86,33.24
118.2506125309319,-143.74181802431045,92.66,72.46,16.96,126.44,38,898,82.87,7,1273.7,30,32.32
53.917510710692966,125.93391604200747,21.62,91.85,51.71,130.26,3,1701,89.58,92,8472.15,63,34.82
-121.0532851676391,101.39876009099987,56.01,90.7,90.07,115.12,23,935,40.57,16,72.55,10,32.01
-90.32352897919976,-102.75898155521276,3.61,52.49,34.38,150.62,48,1531,49.13,11,6147.42,56,34.03
-105.11004243378584,11.845190532705914,82.01,10.92,66.73,68.41,39,396,39.92,66,1870.56,22,34.96
120.14014956275236,11.625649453673901,91.24,18.5,95.41,26.66,43,97,69.11,64,4992.1,94,33.84
-4.162727813350671,-121.31930720104063,66.7,43.12,56.92,67.2,26,905,0.28,75,9611.4,81,32.86
-42.9550711474823,23.05813629532912,61.97,14.08,40.26,51.44,73,1469,85.45,70,1609.8,68,34.38
21.377861658345353,-73.98680388484566,33.0,25.59,33.19,155.16,69,364,27.01,56,2788.2,72,34.85
-73.80216327772945,-27.39574964011652,12.02,31.84,56.79,62.56,29,433,61.29,32,1515.49,77,33.15
142.70996154542138,-72.22214139441817,86.46,15.64,80.46,150.88,76,1156,56.77,79,2963.81,65,34.16
-122.9772006582231,-108.63536418606725,12.8,50.38,57.61,147.85,44,1612,69.33,23,5695.92,33,34.72
-60.74644990071636,60.906267034977816,64.97,20.8,9.02,148.96,46,964,71.1,26,5328.62,74,34.91
-106.00806997238789,110.8456987182044,61.93,74.08,29.83,151.94,45,272,68.5,28,5881.79,63,33.45
-14.931479001869747,9.4127601203337,30.61,18.11,89.17,24.64,57,1591,39.73,34,8817.31,95,33.07
90.32310859878777,128.5733799133908,94.46,25.72,70.84,73.2,55,272,18.97,30,8462.21,49,33.74
-128.23435713119946,-176.34711347205356,11.77,53.2,89.25,1.06,65,856,61.91,44,5135.53,55,33.32
21.893491125229588,136.94500710302162,17.97,13.51,85.11,51.9,8,78,51.79,33,5692.88,21,32.76
26.18863482618127,99.63145920514285,62.0,15.34,6.89,150.14,2,339,38.73,40,8022.54,12,34.64
-139.7417185513336,96.5604602412821,58.01,43.04,58.03,43.76,82,535,55.06,6,2653.24,22,32.7
-3.159799400696187,-46.820236536323534,65.77,67.79,88.85,74.07,35,362,16.54,20,6549.68,94,32.42
109.42724420065338,-123.72841243688913,41.66,14.88,54.46,91.97,82,604,16.92,5,4525.77,47,33.04
25.735782645359933,-145.83106082520246,59.2,47.73,97.62,129.33,87,121,90.11,8,4468.58,59,34.12
-4.780460622336335,-96.1169771369714,42.99,51.65,58.07,162.13,96,1869,16.89,94,2900.51,69,33.64
-131.51652573129553,-29.786710308772086,76.51,96.06,82.36,148.91,43,1662,26.02,24,975.53,37,33.68
-89.2906514375052,-156.9042346963789,32.19,40.71,83.13,156.25,67,1911,98.24,5,2505.0,19,33.56
-75.56003335429182,-125.1661675880351,40.03,12.84,23.52,132.97,3,1469,53.13,95,4867.63,46,33.03
-129.67302386797363,-41.508101550740776,41.99,33.24,30.66,106.9,66,1169,83.01,58,7899.63,64,33.06
119.18470462425097,-1.2264445215934074,86.71,6.98,44.71,136.87,18,1533,50.22,43,4731.78,77,33.68
-128.6880560146446,-133.2533628578728,66.61,77.39,87.96,130.55,89,999,94.63,53,7291.08,65,34.67
-30.731885490170754,99.07006635907192,5.66,21.47,62.97,12.48,87,546,22.36,84,9236.96,60,34.1
-127.58364490682192,156.5105821877841,20.01,68.41,86.15,122.64,85,1119,75.91,65,5569.15,17,32.73
65.14794353822086,-96.4226426395805,3.16,38.77,32.93,106.97,98,1586,53.19,16,5934.77,93,33.82
-17.1745576042845,59.98961236742903,29.74,95.82,9.5,127.96,14,1097,24.96,60,4440.29,88,34.77
84.50548362929214,-174.28570937054192,4.75,27.37,26.99,28.48,63,1161,31.47,13,9912.93,32,34.77
30.93578374423481,111.03390481249824,5.94,59.94,14.53,68.26,53,1817,76.99,76,6834.27,68,33.55
-74.83019156030895,-16.484199334461493,5.3,90.22,57.36,114.01,88,867,18.2,79,398.56,22,34.82
81.36309317080867,83.99746053128149,26.4,3.23,76.48,3.57,84,286,35.7,26,7105.8,61,33.38
-93.32052507797927,178.24819379306433,63.0,89.29,52.36,88.14,29,1901,7.65,37,8355.22,50,34.65
149.38784454273593,24.43876003205483,77.96,57.52,46.03,43.58,63,1597,16.21,32,7171.69,10,33.09
153.93508511962102,-134.8663625848282,97.27,17.85,66.87,9.32,38,1500,12.44,62,4260.21,98,34.68
73.48918529085157,5.537227667660176,74.8,99.17,86.35,168.75,82,254,91.98,12,1934.34,31,33.62
7.526462320480334,29.832860941140297,68.65,88.82,87.75,40.41,54,1514,21.04,20,7434.05,60,32.38
-6.258507164451146,-23.904801330657875,15.1,78.3,11.56,92.48,5,1518,58.48,39,9894.42,74,33.51
146.80542620972034,-48.10676867890052,49.06,58.71,85.16,171.01,26,1355,54.88,49,5882.32,46,32.14
-4.010631258458147,131.03658035865584,8.77,8.51,0.05,69.56,12,86,20.94,95,5745.31,40,32.95
93.35219102273254,-16.43264217370941,22.52,30.94,69.26,85.71,80,1552,31.86,53,2015.54,26,32.24
-93.43150200813228,-12.653380923016044,17.54,86.07,32.07,125.66,36,1872,86.45,14,3050.51,86,34.41
149.67296001126118,96.80749842411905,95.63,80.51,50.72,152.02,7,1575,40.34,34,3369.45,51,32.71
-1.2373322714723543,-38.10522358288591,47.06,87.96,32.31,124.53,21,717,2.68,32,2953.15,7,33.27
15.309236107913591,0.26546820844731656,1.11,88.83,94.68,5.83,97,624,88.68,15,5681.98,24,34.61
-144.6657392658257,143.92239601680103,35.8,24.84,77.68,22.53,37,1040,66.56,75,1241.2,45,34.92
17.146738046686295,-10.388094759584874,36.56,46.54,78.66,78.64,6,81,14.36,28,1637.18,16,33.34
-6.366050371074579,80.05932299984028,3.41,24.01,2.68,106.29,31,588,67.46,30,4674.23,85,34.37
-127.83030970352661,-139.55923797683187,97.54,9.32,27.82,36.41,60,642,67.14,20,5004.38,11,34.95
-93.53813011008035,16.877173209240198,37.59,32.92,10.48,159.3,2,648,68.45,51,1381.78,30,33.04
-58.70765609743816,152.0043729802146,0.7,5.61,54.02,89.44,26,153,61.12,97,5138.66,69,33.42
-131.72859939691068,129.73103731649087,65.39,95.33,85.82,45.21,53,752,7.29,57,9694.11,27,34.9
125.32926687473736,-159.14741953111718,75.7,20.88,92.43,62.43,89,1926,80.98,23,8684.34,71,34.56
-140.09101037925495,46.57918685503307,25.45,14.69,31.89,20.12,59,1930,46.29,15,7181.94,60,32.53
-21.377913235851764,-158.97322057290225,30.61,64.44,92.4,70.19,96,824,9.11,99,4228.8,22,32.63
-111.19269388874473,-13.707440189005553,50.71,43.9,63.11,81.83,1,762,34.06,3,4303.16,66,34.69
138.66556870183774,-119.72033344997784,98.78,64.97,42.21,76.84,86,790,25.17,7,7678.94,58,32.45
-36.43822997415714,19.183756192080352,28.82,98.36,83.91,35.39,42,975,53.27,72,3648.2,71,34.28
103.49909745050826,78.19137847988407,87.92,34.18,70.22,136.48,29,1972,98.36,76,4823.49,1,34.6
-165.79772650060562,109.28980387747526,26.72,31.31,54.04,167.55,7,635,98.56,32,8745.15,0,33.06
-82.45892524121531,106.90114272694922,8.61,37.6,59.1,36.51,50,1708,57.32,37,131.98,37,32.65
-93.74580884107783,39.96613972434878,98.9,2.49,38.54,29.52,76,1593,87.79,48,7705.82,79,32.44
-72.54634040527961,-52.014751410502484,31.88,82.02,9.18,49.35,12,1474,84.01,41,9911.16,95,34.54
60.705203778972674,-168.14224963192382,97.69,67.99,42.68,101.5,59,675,58.82,7,607.2,19,32.73
-171.0463079040388,155.8784779439876,94.87,62.39,92.2,174.47,36,762,54.97,82,7009.38,92,32.05
73.83451414573543,24.45003630342714,84.84,95.51,40.28,154.69,22,1088,89.34,81,8329.96,2,32.76
-121.2128248960629,-145.22247421137595,15.57,63.88,26.09,129.84,59,1651,24.54,64,1005.93,19,32.96
-65.52008648210689,-103.88688999697156,38.32,25.96,94.76,73.37,3,1162,93.87,81,2045.76,7,33.83
89.943364445844,-141.62278616322908,87.13,83.52,83.6,73.89,10,185,12.61,93,6546.61,68,32.75
75.78754134145836,-26.711713585526837,67.99,46.43,20.58,38.1,89,414,54.33,82,3418.55,11,33.29
23.09095207154695,159.79850516576562,38.0,65.44,64.69,55.93,30,367,32.3,58,4288.86,44,33.26
-0.30873496187277283,33.92573667891804,37.64,60.8,42.43,14.74,53,401,14.78,11,4422.21,13,33.46
-81.83971275655946,-26.87671129193086,95.69,97.15,22.82,147.04,16,156,24.64,94,8580.55,14,33.41
4.98980899001333,-156.8374250886131,14.0,7.51,72.67,85.53,52,1663,74.65,8,7089.06,54,32.85
-43.12690975760913,-20.789396844890007,97.08,90.56,18.95,52.37,85,1128,85.64,60,9090.14,1,34.2
22.885031215804077,82.38442516422032,51.91,15.2,44.56,115.3,94,1788,62.85,34,691.1,88,32.54
32.79824350152418,-156.9705974882573,89.92,45.07,77.6,43.87,16,1986,61.93,34,5219.21,42,33.67
15.891074986619316,80.76970105654027,13.13,30.0,63.73,47.72,88,95,60.2,68,1757.9,26,32.57
-66.56941197281137,-96.17239004405351,1.92,50.31,69.94,78.04,71,1715,49.51,10,6792.45,47,32.38
